{
  "grid": {
    "0.0": {
      "0.6": {
        "num_runs": 10,
        "starting_gini": 0.0,
        "final_gini_mean": 0.29989186975828475,
        "final_gini_std": 0.0067237189404500235,
        "final_gini_min": 0.29047088350048034,
        "final_gini_max": 0.31417710041183766,
        "final_nakamoto_mean": 313.7,
        "final_nakamoto_std": 5.197114584074513,
        "final_nakamoto_min": 303,
        "final_nakamoto_max": 321,
        "final_peers_mean": 1000.5,
        "final_peers_std": 4.924428900898052,
        "final_peers_min": 992,
        "final_peers_max": 1008,
        "execution_time_mean": 16.67925820350647,
        "execution_time_std": 1.8546059811234827,
        "execution_time_total": 166.7925820350647
      },
      "0.7": {
        "num_runs": 10,
        "starting_gini": 0.0,
        "final_gini_mean": 0.31518622598549983,
        "final_gini_std": 0.004671268582033544,
        "final_gini_min": 0.3049153624748183,
        "final_gini_max": 0.32045617665180137,
        "final_nakamoto_mean": 305.2,
        "final_nakamoto_std": 3.4871191548325386,
        "final_nakamoto_min": 300,
        "final_nakamoto_max": 311,
        "final_peers_mean": 1001.0,
        "final_peers_std": 5.848076606885378,
        "final_peers_min": 993,
        "final_peers_max": 1013,
        "execution_time_mean": 16.364803552627563,
        "execution_time_std": 0.6450672465603207,
        "execution_time_total": 163.64803552627563
      },
      "0.8": {
        "num_runs": 10,
        "starting_gini": 0.0,
        "final_gini_mean": 0.31173197386958595,
        "final_gini_std": 0.0027767933473441717,
        "final_gini_min": 0.3071109423743662,
        "final_gini_max": 0.3175811359158027,
        "final_nakamoto_mean": 307.1,
        "final_nakamoto_std": 2.6627053911388696,
        "final_nakamoto_min": 303,
        "final_nakamoto_max": 311,
        "final_peers_mean": 1001.0,
        "final_peers_std": 4.123105625617661,
        "final_peers_min": 992,
        "final_peers_max": 1008,
        "execution_time_mean": 16.304532742500307,
        "execution_time_std": 0.6483965250533437,
        "execution_time_total": 163.04532742500305
      },
      "0.9": {
        "num_runs": 10,
        "starting_gini": 0.0,
        "final_gini_mean": 0.3139124221185988,
        "final_gini_std": 0.0038936641881650814,
        "final_gini_min": 0.30843417820971963,
        "final_gini_max": 0.32009728363094314,
        "final_nakamoto_mean": 305.5,
        "final_nakamoto_std": 2.5,
        "final_nakamoto_min": 301,
        "final_nakamoto_max": 310,
        "final_peers_mean": 1000.7,
        "final_peers_std": 4.050925820105819,
        "final_peers_min": 995,
        "final_peers_max": 1008,
        "execution_time_mean": 16.273987817764283,
        "execution_time_std": 0.6523608951368085,
        "execution_time_total": 162.73987817764282
      },
      "1.0": {
        "num_runs": 10,
        "starting_gini": 0.0,
        "final_gini_mean": 0.31311348093311836,
        "final_gini_std": 0.0045377018272836495,
        "final_gini_min": 0.30730067087784096,
        "final_gini_max": 0.32133628641485645,
        "final_nakamoto_mean": 305.9,
        "final_nakamoto_std": 3.3600595232822887,
        "final_nakamoto_min": 300,
        "final_nakamoto_max": 312,
        "final_peers_mean": 998.5,
        "final_peers_std": 3.774917217635375,
        "final_peers_min": 993,
        "final_peers_max": 1005,
        "execution_time_mean": 17.53796057701111,
        "execution_time_std": 1.2229490049173486,
        "execution_time_total": 175.37960577011108
      }
    },
    "0.1": {
      "0.6": {
        "num_runs": 10,
        "starting_gini": 0.0,
        "final_gini_mean": 0.30064804382901544,
        "final_gini_std": 0.007745447978184537,
        "final_gini_min": 0.2871552453658437,
        "final_gini_max": 0.3102668005560325,
        "final_nakamoto_mean": 311.4,
        "final_nakamoto_std": 5.122499389946279,
        "final_nakamoto_min": 304,
        "final_nakamoto_max": 319,
        "final_peers_mean": 997.6,
        "final_peers_std": 2.0099751242241783,
        "final_peers_min": 994,
        "final_peers_max": 1002,
        "execution_time_mean": 17.10378279685974,
        "execution_time_std": 0.7028798936082262,
        "execution_time_total": 171.0378279685974
      },
      "0.7": {
        "num_runs": 10,
        "starting_gini": 0.0,
        "final_gini_mean": 0.31180977621530065,
        "final_gini_std": 0.0063348628035558826,
        "final_gini_min": 0.3031351950454001,
        "final_gini_max": 0.3234538276063206,
        "final_nakamoto_mean": 306.9,
        "final_nakamoto_std": 3.419064199455752,
        "final_nakamoto_min": 302,
        "final_nakamoto_max": 312,
        "final_peers_mean": 1000.1,
        "final_peers_std": 3.672873534441391,
        "final_peers_min": 995,
        "final_peers_max": 1006,
        "execution_time_mean": 18.392373585700987,
        "execution_time_std": 0.8092398696227687,
        "execution_time_total": 183.9237358570099
      },
      "0.8": {
        "num_runs": 10,
        "starting_gini": 0.0,
        "final_gini_mean": 0.3162304164394369,
        "final_gini_std": 0.0035139949516655943,
        "final_gini_min": 0.30952504655982616,
        "final_gini_max": 0.32217471933436737,
        "final_nakamoto_mean": 303.9,
        "final_nakamoto_std": 2.947880594596735,
        "final_nakamoto_min": 298,
        "final_nakamoto_max": 310,
        "final_peers_mean": 998.7,
        "final_peers_std": 3.2572994949804666,
        "final_peers_min": 991,
        "final_peers_max": 1003,
        "execution_time_mean": 16.800050020217896,
        "execution_time_std": 0.4632730069888042,
        "execution_time_total": 168.00050020217896
      },
      "0.9": {
        "num_runs": 10,
        "starting_gini": 0.0,
        "final_gini_mean": 0.3178958955291734,
        "final_gini_std": 0.004829231951216431,
        "final_gini_min": 0.3096965676551613,
        "final_gini_max": 0.32458879709546073,
        "final_nakamoto_mean": 303.6,
        "final_nakamoto_std": 3.352610922848042,
        "final_nakamoto_min": 297,
        "final_nakamoto_max": 309,
        "final_peers_mean": 1002.3,
        "final_peers_std": 5.020956084253277,
        "final_peers_min": 996,
        "final_peers_max": 1011,
        "execution_time_mean": 17.22556161880493,
        "execution_time_std": 0.5647207931420506,
        "execution_time_total": 172.25561618804932
      },
      "1.0": {
        "num_runs": 10,
        "starting_gini": 0.0,
        "final_gini_mean": 0.3139196841724913,
        "final_gini_std": 0.003421376737584035,
        "final_gini_min": 0.30795449529016816,
        "final_gini_max": 0.31996342141274237,
        "final_nakamoto_mean": 305.8,
        "final_nakamoto_std": 3.4,
        "final_nakamoto_min": 299,
        "final_nakamoto_max": 310,
        "final_peers_mean": 1001.3,
        "final_peers_std": 3.5791060336346563,
        "final_peers_min": 997,
        "final_peers_max": 1007,
        "execution_time_mean": 17.175891971588136,
        "execution_time_std": 0.8042323176519028,
        "execution_time_total": 171.75891971588135
      }
    },
    "0.2": {
      "0.6": {
        "num_runs": 10,
        "starting_gini": 0.0,
        "final_gini_mean": 0.30037696398244224,
        "final_gini_std": 0.005312861078851494,
        "final_gini_min": 0.29019283136060936,
        "final_gini_max": 0.30689171348991573,
        "final_nakamoto_mean": 313.4,
        "final_nakamoto_std": 3.3823069050575527,
        "final_nakamoto_min": 309,
        "final_nakamoto_max": 320,
        "final_peers_mean": 1002.6,
        "final_peers_std": 4.673328578219168,
        "final_peers_min": 995,
        "final_peers_max": 1011,
        "execution_time_mean": 17.106784224510193,
        "execution_time_std": 0.5237569486044281,
        "execution_time_total": 171.06784224510193
      },