{
  "metadata": {
    "timestamp": "20251023_130906",
    "total_execution_time": 674.3821454048157,
    "parameters": {
      "n_epochs": 20000,
      "n_peers": 1000,
      "n_corrupted": 50,
      "initial_stake_volume": 10000.0,
      "initial_distribution": "GINI",
      "p_fail": 0.3,
      "p_join": 0.001,
      "p_leave": 0.001,
      "penalty_percentage": 0.3,
      "reward": 20.0,
      "scheduled_joins": [
        [
          5000,
          10000
        ],
        [
          15000,
          50000
        ]
      ]
    },
    "initial_gini": 0.49950000000000105,
    "algorithms_tested": [
      "WEIGHTED",
      "SRSW_WEIGHTED",
      "LOG_WEIGHTED",
      "DESW"
    ]
  },
  "summary_statistics": {
    "WEIGHTED": {
      "algorithm": "WEIGHTED",
      "num_runs": 10,
      "starting_gini": 0.49950000000000105,
      "final_gini_mean": 0.945,
      "final_gini_std": 0.023,
      "final_gini_min": 0.895,
      "final_gini_max": 0.97,
      "final_gini_ci_95": [
        0.9399114682302604,
        0.9733930453537446
      ],
      "final_nakamoto_mean": 8.7,
      "final_nakamoto_std": 1.946,
      "final_nakamoto_min": 2,
      "final_nakamoto_max": 12,
      "final_nakamoto_ci_95": [
        4.59269675282415,
        8.80730324717585
      ],
      "final_peers_mean": 997.4,
      "final_peers_std": 5.91,
      "final_peers_min": 984,
      "final_peers_max": 1005,
      "final_peers_ci_95": [
        993.171923971487,
        1001.628076028513
      ],
      "execution_time_mean": 8.103,
      "execution_time_std": 0.494,
      "execution_time_total": 81.031,
      "execution_time_ci_95": [
        7.749716604592418,
        8.456515800116446
      ]
    },
    "SRSW_WEIGHTED": {
      "algorithm": "SRSW_WEIGHTED",
      "num_runs": 10,
      "starting_gini": 0.49950000000000105,
      "final_gini_mean": 0.49,
      "final_gini_std": 0.03,
      "final_gini_min": 0.462,
      "final_gini_max": 0.531,
      "final_gini_ci_95": [
        0.47286578773274424,
        0.5051174893870205
      ],
      "final_nakamoto_mean": 178.0,
      "final_nakamoto_std": 25.1,
      "final_nakamoto_min": 139,
      "final_nakamoto_max": 201,
      "final_nakamoto_ci_95": [
        164.21030413527834,
        193.3896958647217
      ],
      "final_peers_mean": 1002.6,
      "final_peers_std": 4.926,
      "final_peers_min": 996,
      "final_peers_max": 1010,
      "final_peers_ci_95": [
        999.0760654274703,
        1006.1239345725297
      ],
      "execution_time_mean": 22.268,
      "execution_time_std": 0.761,
      "execution_time_total": 222.685,
      "execution_time_ci_95": [
        21.72393640174205,
        22.81304723129933
      ],
      "gini_p_value": 1.376404385389175e-11,
      "gini_significant": true,
      "gini_effect_size": -12.1347,
      "gini_interpretation": "large",
      "nakamoto_p_value": 3.7895354455916577e-10,
      "nakamoto_significant": true,
      "nakamoto_effect_size": 8.3701,
      "nakamoto_interpretation": "large"
    },
    "LOG_WEIGHTED": {
      "algorithm": "LOG_WEIGHTED",
      "num_runs": 10,
      "starting_gini": 0.49950000000000105,
      "final_gini_mean": 0.487,
      "final_gini_std": 0.031,
      "final_gini_min": 0.462,
      "final_gini_max": 0.531,
      "final_gini_ci_95": [
        0.47286578773274424,
        0.5051174893870205
      ],
      "final_nakamoto_mean": 179.8,
      "final_nakamoto_std": 20.395,
      "final_nakamoto_min": 139,
      "final_nakamoto_max": 201,
      "final_nakamoto_ci_95": [
        164.21030413527834,
        193.3896958647217
      ],
      "final_peers_mean": 1002.6,
      "final_peers_std": 4.926,
      "final_peers_min": 996,
      "final_peers_max": 1010,
      "final_peers_ci_95": [
        999.0760654274703,
        1006.1239345725297
      ],
      "execution_time_mean": 24.591,
      "execution_time_std": 1.287,
      "execution_time_total": 245.911,
      "execution_time_ci_95": [
        23.670450722653584,
        25.5116633539608
      ],
      "gini_p_value": 1.376404385389175e-11,
      "gini_significant": true,
      "gini_effect_size": -12.1347,
      "gini_interpretation": "large",
      "nakamoto_p_value": 3.7895354455916577e-10,
      "nakamoto_significant": true,
      "nakamoto_effect_size": 8.3701,
      "nakamoto_interpretation": "large"
    },
    "DESW": {
      "algorithm": "DESW",
      "num_runs": 10,
      "starting_gini": 0.49950000000000105,
      "final_gini_mean": 0.462,
      "final_gini_std": 0.023,
      "final_gini_min": 0.416,
      "final_gini_max": 0.515,
      "final_gini_ci_95": [
        0.445915312853557,
        0.485124034598689
      ],
      "final_nakamoto_mean": 196.3,
      "final_nakamoto_std": 21.513,
      "final_nakamoto_min": 141,
      "final_nakamoto_max": 238,
      "final_nakamoto_ci_95": [
        174.36315020221753,
        213.03684979778245
      ],
      "final_peers_mean": 999.5,
      "final_peers_std": 4.972,
      "final_peers_min": 992,
      "final_peers_max": 1007,
      "final_peers_ci_95": [
        995.9431420013146,
        1003.0568579986854
      ],
      "execution_time_mean": 12.447,
      "execution_time_std": 0.337,
      "execution_time_total": 124.471,
      "execution_time_ci_95": [
        12.206024817595663,
        12.688217039933024
      ],
      "gini_p_value": 1.6640130071100465e-13,
      "gini_significant": true,
      "gini_effect_size": -19.854,
      "gini_interpretation": "large",
      "nakamoto_p_value": 2.6183781041098068e-09,
      "nakamoto_significant": true,
      "nakamoto_effect_size": 6.7312,
      "nakamoto_interpretation": "large"
    }
  }
}