{
  "0": {
    "starting_gini": 0.5,
    "final_gini": 0.536267604099784,
    "final_nakamoto": 133,
    "final_peers": 1001,
    "final_hhi": 0.02194957240348653
  }
}